Organisation name,Organisation number (ACN)10 BOND PTY LTD,604771167-ELEVEN STORES PTY LTD,5299427A & G ENGINEERING PTY LTD,2850017A & J INVESTMENTS PTY LTD,1057272A & R RETAIL HOLDINGS PTY LTD,51848545A C MCGRATH & CO PTY LTD,132427A ROYALE HOLDINGS PTY LTD,1122158A S P ALUMINIUM HOLDINGS PTY LTD,2302310A. AND F. SULLIVAN PTY. LIMITED,8409943A. KNOX CHAPMAN AND COMPANY PROPRIETARY LIMITED,4222440A.C. & E. PTY LIMITED,1863387A.C. MCGRATH & CO (WHOLESALE) PTY LTD,229336A.C.N. 054 622 123 PTY LTD,54622123A.D.C. PROPERTIES PTY LTD,336863A.E. SMITH & SON PROPRIETARY LIMITED,4274793A.F. BAMBACH HOLDINGS PTY. LIMITED,55461A.F. GASON PROPRIETARY LIMITED,4667556A.I. TOPPER & CO PTY LTD,143957A.J. & P.A. MCBRIDE PTY. LIMITED,7870804A.J. BUSH & SONS (MANUFACTURES) PTY LTD,58453A.J. BUSH & SONS (RETAIL) PTY LTD,320392A.J. BUSH & SONS PTY LTD,134010A.W. EDWARDS PTY LTD,45849ABARIS (AUSTRALIA) PTY LTD,4597899ABARIS HOLDINGS PTY LTD,6067447ABARIS PRINTING & PUBLISHING CO. PROPRIETARY LIMITED,4340685ABARIS PTY LTD,58360348ABELLA HOLDINGS PTY LTD,9365093ABN 56 072 081 906 PTY LIMITED,72081906ACE GUTTERS INVESTMENTS PTY LTD,1171188ACE GUTTERS PTY LTD,1885276ACN 000 328 147 PTY LTD,328147ACN 000 937 164 PTY LIMITED,937164ACRAN PTY LTD,2797462ACTIVE PLUMBING PTY LTD,9340096AD. MANCE AUSTRALIA PTY. LTD.,4991306ADAFORD INVESTMENT PTY LTD,1420686ADC PROPERTY HOLDINGS PTY LTD,8414613ADCORP AUSTRALIA LIMITED,2208915ADELAIDE CLINIC HOLDINGS PTY. LTD.,7988758ADINADIS PTY. LTD.,6647721ADRIAN BRIEN PTY. LTD.,7661547ADVANCED HAIR STUDIO OF AUSTRALIA PTY. LTD.,5784298ADVANCED MEDICAL TECHNOLOGY PTY LIMITED,6829581AFFILIATED SPONGE DISTRIBUTORS PTY LTD,223370AFM DEVELOPMENTS PTY LTD,2802440AGL SOUTHERN HYDRO (NSW) PTY LIMITED,56452601AHERN'S (SUBURBAN) PTY LTD,8749675AHERNS HOLDINGS PTY. LTD.,8666831AHG FINANCE PTY LTD,64015676AIRROAD PTY LIMITED,2955419AKRON ROADS PTY. LTD.,4769895AKUBRA HATS PTY LTD,175333ALAN HICKINBOTHAM PTY. LIMITED,7567222ALAN R. BROOK INVESTMENTS PTY LTD,455167ALBERT H. PTY LTD,134538ALCONIE PTY LTD,1222368ALEC BRECKLER SHOES PTY. LTD.,8716425ALENTO PTY LTD,2023387ALEXANDER WATT & CO PTY LTD,577971ALIGNED CONSTRUCTIONS PTY LIMITED,76086ALIMSEAT PTY LTD,2833258ALLCORP PROPERTY SERVICES PTY LTD,3194189ALLEN GROUP HOLDINGS PTY. LTD.,150676ALLENS ARTHUR ROBINSON CORPORATE PTY LTD,1314512ALLIANCE SEALING PTY LIMITED,4483256ALLIED INDUSTRIAL SERVICES PTY LIMITED,148407ALLIND PTY LTD,115800ALLSEP'S PROPRIETARY LIMITED,4197442ALLSTAFF AIRCONDITIONING HOLDINGS PTY LTD,7252244ALLWORTH CONSTRUCTIONS PTY LTD,2565353ALPHA PTY. LTD.,9492862ALPHEN INVESTMENTS PTY LTD,745157ALS INDUSTRIAL PTY LTD,6353046ALTO PENNANT HILLS PTY LIMITED,3477647ALTO PRESTIGE PTY LTD,344123ALTOMONTE HOLDINGS PTY LTD,821910ALUMINIUM SPECIALTIES GROUP PTY. LTD.,1252259AMFISSA HOLDINGS PTY. LTD.,8640328AMPCONTROL (QLD) PTY LIMITED,1335842AMPCONTROL CSM PTY LIMITED,770141AMPCONTROL PTY LTD,915542AMPCONTROL SWG PTY LIMITED,1737533AMPCONTROL WA PTY LIMITED,9220535ANDCO (1970) PTY LTD,807876ANDREW K. INVESTMENTS PTY LTD,568749ANGAS PARK FRUIT COMPANY PTY. LIMITED,7556836ANGOVE INVESTMENTS PTY. LTD.,7764981ANGOVE'S PROPRIETARY LIMITED,7871114APPCORP INVESTMENTS PTY. LTD.,7102418APPCORP NORTHERN PTY. LTD.,7102490